{"cameraMode":{"drawMode":0,"name":"Shaded","section":"Shading Mode"},"sceneLighting":true,"audioPlay":false,"sceneViewState":{"m_AlwaysRefresh":false,"showFog":true,"showSkybox":true,"showFlares":true,"showImageEffects":true,"showParticleSystems":true,"showVisualEffectGraphs":true,"m_FxEnabled":true},"in2DMode":false,"pivot":{"x":0.5687999725341797,"y":6.5398054122924809,"z":3.799823760986328},"rotation":{"x":-0.011805083602666855,"y":0.027091998606920244,"z":-0.0003193147713318467,"w":-0.9995710253715515},"size":18.430110931396486,"orthographic":false}